,Return_20d(%),Industry,Industry_Mean(%),Pure_Alpha(%)
INTC,89.21798349044971,Information Technology,16.887206417366862,72.33077707308286
DDOG,82.49976833053985,Information Technology,16.887206417366862,65.61256191317298
AMD,75.92620553822181,Information Technology,16.887206417366862,59.038999120854946
CNC,51.6908293178848,Health Care,-2.594343498529162,54.28517281641396
AKAM,67.12067462949688,Information Technology,16.887206417366862,50.23346821213001
QCOM,62.78230311233819,Information Technology,16.887206417366862,45.89509669497133
MU,62.49731383579529,Information Technology,16.887206417366862,45.61010741842843
HUM,42.68384989321336,Health Care,-2.594343498529162,45.278193391742526
SNDK,52.44847933308661,Information Technology,16.887206417366862,35.56127291571975
DVA,31.485452589782593,Health Care,-2.594343498529162,34.07979608831175
STX,50.40491970085177,Information Technology,16.887206417366862,33.51771328348491
PWR,29.094042808808208,Industrials,-1.4464699020042764,30.540512710812486
FTNT,46.404073301907076,Information Technology,16.887206417366862,29.516866884540214
TSLA,19.748760401491317,Consumer Discretionary,-6.423873874030917,26.172634275522235
UNH,22.475250544467617,Health Care,-2.594343498529162,25.06959404299678
GNRC,23.613536570680882,Industrials,-1.4464699020042764,25.06000647268516
NXPI,41.57892444911076,Information Technology,16.887206417366862,24.691718031743896
URI,22.685823910081425,Industrials,-1.4464699020042764,24.132293812085702
ELV,21.279716411989934,Health Care,-2.594343498529162,23.874059910519097
ON,40.5065875398068,Information Technology,16.887206417366862,23.61938112243994
VTRS,20.668583979423126,Health Care,-2.594343498529162,23.26292747795229
CVS,20.294262266554774,Health Care,-2.594343498529162,22.888605765083938
NUE,21.57440615053514,Materials,-0.75091411325385,22.32532026378899
FIX,20.773956617141742,Industrials,-1.4464699020042764,22.22042651914602
CRWD,37.39868828555062,Information Technology,16.887206417366862,20.511481868183758
STLD,19.621091380768817,Materials,-0.75091411325385,20.372005494022666
WST,16.859179579701976,Health Care,-2.594343498529162,19.45352307823114
WDC,35.33121721904049,Information Technology,16.887206417366862,18.444010801673627
BEN,17.631478598581563,Financials,-0.4419704595967222,18.073449058178284
VRT,15.790081998727846,Industrials,-1.4464699020042764,17.236551900732124
TXN,34.076636057555866,Information Technology,16.887206417366862,17.189429640189005
CBOE,16.728178739349552,Financials,-0.4419704595967222,17.170149198946273
GOOG,16.11562301954914,Communication Services,-0.5371745239801173,16.652797543529257
GOOGL,16.082427069167583,Communication Services,-0.5371745239801173,16.6196015931477
PANW,33.47979907765486,Information Technology,16.887206417366862,16.592592660288
CASY,17.290556074692166,Consumer Staples,1.3626325749521067,15.927923499740059
CAT,14.399629203746622,Industrials,-1.4464699020042764,15.846099105750898
ADM,16.196981579067526,Consumer Staples,1.3626325749521067,14.834349004115419
EME,13.089035118805882,Industrials,-1.4464699020042764,14.535505020810158
APO,14.069854077363875,Financials,-0.4419704595967222,14.511824536960598
CMI,12.924003020226893,Industrials,-1.4464699020042764,14.37047292223117
BIIB,11.762397744332254,Health Care,-2.594343498529162,14.356741242861416
COIN,13.822455250898313,Financials,-0.4419704595967222,14.264425710495036
PM,15.58287195917416,Consumer Staples,1.3626325749521067,14.220239384222053
SBUX,7.393113322889122,Consumer Discretionary,-6.423873874030917,13.816987196920039
IVZ,13.147249556128626,Financials,-0.4419704595967222,13.589220015725349
DOC,16.041648610943348,Real Estate,2.520137369146247,13.5215112417971
MNST,14.566401495999571,Consumer Staples,1.3626325749521067,13.203768921047464
EBAY,6.777888647164754,Consumer Discretionary,-6.423873874030917,13.201762521195672
ROK,11.37020217114799,Industrials,-1.4464699020042764,12.816672073152267
AMZN,6.344823994203352,Consumer Discretionary,-6.423873874030917,12.76869786823427
MCHP,29.489934524433714,Information Technology,16.887206417366862,12.602728107066852
DELL,28.66363527466522,Information Technology,16.887206417366862,11.77642885729836
TTWO,11.14578251100291,Communication Services,-0.5371745239801173,11.682957034983026
ADP,9.419212542305244,Industrials,-1.4464699020042764,10.86568244430952
SOLV,7.954224514897268,Health Care,-2.594343498529162,10.54856801342643
ARES,10.025753356127343,Financials,-0.4419704595967222,10.467723815724066
KDP,11.7409694520749,Consumer Staples,1.3626325749521067,10.378336877122793
MPC,13.3189001842257,Energy,3.2996634898349293,10.019236694390772
ALB,9.185717046950948,Materials,-0.75091411325385,9.936631160204799
XYZ,9.13076458987594,Financials,-0.4419704595967222,9.572735049472662
AIZ,9.02955490153663,Financials,-0.4419704595967222,9.471525361133352
MGM,2.85869656996085,Consumer Discretionary,-6.423873874030917,9.282570443991768
LLY,6.467205760924788,Health Care,-2.594343498529162,9.06154925945395
IBKR,8.482491627704135,Financials,-0.4419704595967222,8.924462087300858
HAS,2.3504046416989555,Consumer Discretionary,-6.423873874030917,8.774278515729872
IRM,11.207576002901076,Real Estate,2.520137369146247,8.68743863375483
GEV,7.232409513449367,Industrials,-1.4464699020042764,8.678879415453643
SWK,7.154731598353337,Industrials,-1.4464699020042764,8.601201500357613
CI,5.9354337173555205,Health Care,-2.594343498529162,8.529777215884682
GWW,7.023048778770735,Industrials,-1.4464699020042764,8.469518680775012
MAS,7.009698298660405,Industrials,-1.4464699020042764,8.456168200664681
ABNB,1.9723565702393309,Consumer Discretionary,-6.423873874030917,8.396230444270248
RVTY,5.606044275477351,Health Care,-2.594343498529162,8.200387774006513
AXON,6.503707526109737,Industrials,-1.4464699020042764,7.950177428114013
IFF,6.956885668172719,Materials,-0.75091411325385,7.707799781426568
SJM,8.843941937171218,Consumer Staples,1.3626325749521067,7.481309362219111
EL,8.728219236177992,Consumer Staples,1.3626325749521067,7.365586661225885
NEE,3.263611254639809,Utilities,-4.010055050096472,7.273666304736281
PSX,10.522173349114983,Energy,3.2996634898349293,7.222509859280054
DD,6.469581058312079,Materials,-0.75091411325385,7.220495171565929
MSCI,6.752913819397732,Financials,-0.4419704595967222,7.194884278994454
WAT,4.539547222718832,Health Care,-2.594343498529162,7.133890721247994
CVNA,0.4516146329175852,Consumer Discretionary,-6.423873874030917,6.8754885069485026
PAYX,5.407991432408754,Industrials,-1.4464699020042764,6.85446133441303
Q,23.49175373784007,Information Technology,16.887206417366862,6.604547320473209
EXPD,5.072107279677351,Industrials,-1.4464699020042764,6.518577181681628
PFG,6.012326002555457,Financials,-0.4419704595967222,6.454296462152179
INVH,8.953535703484894,Real Estate,2.520137369146247,6.433398334338647
HWM,4.981704814963295,Industrials,-1.4464699020042764,6.428174716967571
CPAY,5.9847703501855865,Financials,-0.4419704595967222,6.426740809782308
DRI,-0.11112295456652266,Consumer Discretionary,-6.423873874030917,6.312750919464395
TROW,5.832642091906193,Financials,-0.4419704595967222,6.274612551502915
NWSA,5.693164993882083,Communication Services,-0.5371745239801173,6.2303395178622
NWS,5.515088993394279,Communication Services,-0.5371745239801173,6.052263517374397
CDNS,22.92642880553799,Information Technology,16.887206417366862,6.0392223881711296
HPE,22.875362051337532,Information Technology,16.887206417366862,5.9881556339706705
AVB,8.473687422902954,Real Estate,2.520137369146247,5.9535500537567065
UBER,4.463305449926014,Industrials,-1.4464699020042764,5.90977535193029
SNPS,22.712511434983497,Information Technology,16.887206417366862,5.825305017616635
CSX,4.351922751973514,Industrials,-1.4464699020042764,5.79839265397779
STT,5.184092373252924,Financials,-0.4419704595967222,5.626062832849646
UNP,4.164025811594874,Industrials,-1.4464699020042764,5.61049571359915
VZ,5.068162551398392,Communication Services,-0.5371745239801173,5.605337075378509
BA,4.0465623197450284,Industrials,-1.4464699020042764,5.493032221749305
FOX,4.85744834750832,Communication Services,-0.5371745239801173,5.394622871488437
NSC,3.9479498663617774,Industrials,-1.4464699020042764,5.3944197683660535
INCY,2.6870712809885067,Health Care,-2.594343498529162,5.281414779517668
DHI,-1.1579400125685035,Consumer Discretionary,-6.423873874030917,5.265933861462414
HAL,8.504405716208673,Energy,3.2996634898349293,5.204742226373744
CF,4.383829865013711,Materials,-0.75091411325385,5.134743978267561
EVRG,1.0009762123445398,Utilities,-4.010055050096472,5.011031262441012
MDLZ,6.310514378025278,Consumer Staples,1.3626325749521067,4.947881803073171
AES,0.8463564014657532,Utilities,-4.010055050096472,4.856411451562225
CIEN,21.73633580819292,Information Technology,16.887206417366862,4.849129390826057
V,4.338892628539992,Financials,-0.4419704595967222,4.780863088136714
FOXA,4.24223093073981,Communication Services,-0.5371745239801173,4.779405454719927
IEX,3.304052940031399,Industrials,-1.4464699020042764,4.750522842035675
MRNA,2.0249804915487113,Health Care,-2.594343498529162,4.6193239900778735
KHC,5.947528676653779,Consumer Staples,1.3626325749521067,4.5848961017016725
EQR,6.926336306592229,Real Estate,2.520137369146247,4.406198937445982
NI,0.3814942798213261,Utilities,-4.010055050096472,4.391549329917798
MO,5.720045878679603,Consumer Staples,1.3626325749521067,4.357413303727496
LNT,0.20516495164302206,Utilities,-4.010055050096472,4.215220001739494
UDR,6.6743506848802925,Real Estate,2.520137369146247,4.1542133157340455
MCO,3.6467621313399867,Financials,-0.4419704595967222,4.088732590936709
PKG,3.3249231790848155,Materials,-0.75091411325385,4.075837292338665
TTD,3.5157007818314323,Communication Services,-0.5371745239801173,4.05287530581155
VEEV,1.4457244985240036,Health Care,-2.594343498529162,4.040067997053166
BXP,6.532802653914693,Real Estate,2.520137369146247,4.012665284768446
MS,3.487942242182007,Financials,-0.4419704595967222,3.929912701778729
JBHT,2.4610111971821613,Industrials,-1.4464699020042764,3.9074810991864375
XEL,-0.1879011930832175,Utilities,-4.010055050096472,3.8221538570132547
EW,1.1700779427561203,Health Care,-2.594343498529162,3.764421441285282
SMCI,20.496325759429766,Information Technology,16.887206417366862,3.609119342062904
FFIV,20.49442632143417,Information Technology,16.887206417366862,3.607219904067307
NTRS,3.1350239232575516,Financials,-0.4419704595967222,3.5769943828542736
SLB,6.87511552812885,Energy,3.2996634898349293,3.5754520382939208
TRGP,6.863422125782637,Energy,3.2996634898349293,3.5637586359477074
VRTX,0.8935809020462537,Health Care,-2.594343498529162,3.4879244005754155
ESS,5.8984973108978656,Real Estate,2.520137369146247,3.3783599417516186
ORLY,-3.058161979916063,Consumer Discretionary,-6.423873874030917,3.3657118941148543
DASH,-3.109144982564116,Consumer Discretionary,-6.423873874030917,3.3147288914668014
NDAQ,2.848577150020337,Financials,-0.4419704595967222,3.290547609617059
LEN,-3.1988329198658128,Consumer Discretionary,-6.423873874030917,3.2250409541651046
GL,2.7530377294674224,Financials,-0.4419704595967222,3.1950081890641444
AFL,2.5326058805087204,Financials,-0.4419704595967222,2.9745763401054424
CSCO,19.852319821704345,Information Technology,16.887206417366862,2.965113404337483
KO,4.268771803205862,Consumer Staples,1.3626325749521067,2.906139228253755
CARR,1.3650149034296621,Industrials,-1.4464699020042764,2.8114848054339383
TSN,4.125616291482337,Consumer Staples,1.3626325749521067,2.76298371653023
CL,4.08870363356808,Consumer Staples,1.3626325749521067,2.7260710586159735
LITE,19.60858312677305,Information Technology,16.887206417366862,2.7213767094061865
GS,2.258058542164054,Financials,-0.4419704595967222,2.700029001760776
DIS,2.087928644967718,Communication Services,-0.5371745239801173,2.6251031689478355
BLK,2.173410768616013,Financials,-0.4419704595967222,2.615381228212735
GD,1.1592333720145565,Industrials,-1.4464699020042764,2.6057032740188326
EG,2.139262255145713,Financials,-0.4419704595967222,2.581232714742435
CEG,-1.4766779884510361,Utilities,-4.010055050096472,2.533377061645436
AZO,-3.911072273140226,Consumer Discretionary,-6.423873874030917,2.5128016008906915
MAR,-3.932373315437232,Consumer Discretionary,-6.423873874030917,2.4915005585936854
FDX,1.040140334352735,Industrials,-1.4464699020042764,2.486610236357011
BAX,-0.11370356788046321,Health Care,-2.594343498529162,2.4806399306486986
COHR,19.328691205685764,Information Technology,16.887206417366862,2.4414847883189026
COST,3.7223016680104193,Consumer Staples,1.3626325749521067,2.3596690930583124
CCI,4.810480685479934,Real Estate,2.520137369146247,2.2903433163336873
PRU,1.8225955684775696,Financials,-0.4419704595967222,2.2645660280742916
FANG,5.533219467142558,Energy,3.2996634898349293,2.233555977307629
IQV,-0.4307421771283515,Health Care,-2.594343498529162,2.1636013214008103
NKE,-4.2873312784025615,Consumer Discretionary,-6.423873874030917,2.136542595628356
BK,1.670081272069046,Financials,-0.4419704595967222,2.112051731665768
D,-1.8992294802395615,Utilities,-4.010055050096472,2.1108255698569107
WMT,3.45174198411744,Consumer Staples,1.3626325749521067,2.0891094091653333
FTV,0.6364111102692194,Industrials,-1.4464699020042764,2.0828810122734955
ROST,-4.3844299254322205,Consumer Discretionary,-6.423873874030917,2.039443948598697
EIX,-2.017409187595498,Utilities,-4.010055050096472,1.9926458625009742
ES,-2.043187390903034,Utilities,-4.010055050096472,1.9668676591934382
APD,1.2102606879937472,Materials,-0.75091411325385,1.9611748012475974
OKE,5.18235117033603,Energy,3.2996634898349293,1.882687680501101
CNP,-2.132869191101028,Utilities,-4.010055050096472,1.8771858589954444
ABBV,-0.7193209652236021,Health Care,-2.594343498529162,1.8750225333055597
TMUS,1.3000006424753296,Communication Services,-0.5371745239801173,1.837175166455447
MET,1.3808461463982846,Financials,-0.4419704595967222,1.8228166059950068
FRT,4.282734107533548,Real Estate,2.520137369146247,1.762596738387301
NDSN,0.313608820248068,Industrials,-1.4464699020042764,1.7600787222523444
LVS,-4.717180503000618,Consumer Discretionary,-6.423873874030917,1.7066933710302994
ETR,-2.3165428860617787,Utilities,-4.010055050096472,1.6935121640346935
CPRT,0.24030644084516162,Industrials,-1.4464699020042764,1.686776342849438
ETN,0.23143695891760796,Industrials,-1.4464699020042764,1.6779068609218843
VLO,4.936753880812383,Energy,3.2996634898349293,1.6370903909774541
PGR,1.1902926809504333,Financials,-0.4419704595967222,1.6322631405471555
BKR,4.821620375373037,Energy,3.2996634898349293,1.5219568855381076
PNW,-2.4929153329823484,Utilities,-4.010055050096472,1.5171397171141239
BG,2.869283458103311,Consumer Staples,1.3626325749521067,1.5066508831512044
GM,-4.9207098889570755,Consumer Discretionary,-6.423873874030917,1.5031639850738419
AEE,-2.628287524910111,Utilities,-4.010055050096472,1.381767525186361
HLT,-5.0515993686145455,Consumer Discretionary,-6.423873874030917,1.3722745054163719
ADI,18.241536208983256,Information Technology,16.887206417366862,1.3543297916163937
CPB,2.5500011444091752,Consumer Staples,1.3626325749521067,1.1873685694570686
PLD,3.592079501863843,Real Estate,2.520137369146247,1.071942132717596
MAA,3.5413815042102614,Real Estate,2.520137369146247,1.0212441350640145
AEP,-3.0065694672944954,Utilities,-4.010055050096472,1.0034855828019769
LYB,0.2525563939846487,Materials,-0.75091411325385,1.0034705072384988
HST,3.4672424044013272,Real Estate,2.520137369146247,0.9471050352550803
AMP,0.498819828577135,Financials,-0.4419704595967222,0.9407902881738572
WRB,0.4849215111126792,Financials,-0.4419704595967222,0.9268919707094014
LIN,0.17412091020014842,Materials,-0.75091411325385,0.9250350234539985
APTV,-5.518873096962018,Consumer Discretionary,-6.423873874030917,0.9050007770688993
SO,-3.1575644103847833,Utilities,-4.010055050096472,0.8524906397116889
SPGI,0.36332740645648176,Financials,-0.4419704595967222,0.805297866053204
ALL,0.3024915681842266,Financials,-0.4419704595967222,0.7444620277809488
YUM,-5.694133681983315,Consumer Discretionary,-6.423873874030917,0.7297401920476023
DGX,-1.8695945685753501,Health Care,-2.594343498529162,0.7247489299538117
CINF,0.23875076527470895,Financials,-0.4419704595967222,0.6807212248714312
WMB,3.947367858976669,Energy,3.2996634898349293,0.6477043691417399
F,-5.821397585320653,Consumer Discretionary,-6.423873874030917,0.6024762887102639
TT,-0.9042235621873895,Industrials,-1.4464699020042764,0.5422463398168869
MPWR,17.413556660644414,Information Technology,16.887206417366862,0.5263502432775518
ATO,-3.497024714599184,Utilities,-4.010055050096472,0.5130303354972883
SRE,-3.5461767182243142,Utilities,-4.010055050096472,0.463878331872158
DOV,-1.0069557814280428,Industrials,-1.4464699020042764,0.4395141205762336
VTR,2.911882724382342,Real Estate,2.520137369146247,0.391745355236095
RJF,-0.21862002507249123,Financials,-0.4419704595967222,0.22335043452423098
NEM,-0.5364621737442676,Materials,-0.75091411325385,0.2144519395095824
DUK,-3.8449667982009217,Utilities,-4.010055050096472,0.16508825189555054
WEC,-3.862660944206009,Utilities,-4.010055050096472,0.1473941058904633
GEN,17.028024004956087,Information Technology,16.887206417366862,0.14081758758922547
NTAP,16.998683044135387,Information Technology,16.887206417366862,0.11147662676852477
ULTA,-6.419184380569732,Consumer Discretionary,-6.423873874030917,0.004689493461185634
LYV,-0.5352413977520731,Communication Services,-0.5371745239801173,0.0019331262280442019
DTE,-4.013813262545662,Utilities,-4.010055050096472,-0.003758212449190168
WAB,-1.4872043776781418,Industrials,-1.4464699020042764,-0.040734475673865456
CPT,2.475932700613792,Real Estate,2.520137369146247,-0.04420466853245486
KMI,3.252351459435099,Energy,3.2996634898349293,-0.04731203039983045
WBD,-0.584588052081414,Communication Services,-0.5371745239801173,-0.04741352810129662
DAL,-1.513248438847048,Industrials,-1.4464699020042764,-0.06677853684277157
TRV,-0.5841316537239405,Financials,-0.4419704595967222,-0.14216119412721828
JCI,-1.6226736255193552,Industrials,-1.4464699020042764,-0.17620372351507885
DOW,-0.9448389512933475,Materials,-0.75091411325385,-0.19392483803949745
ED,-4.204735062006759,Utilities,-4.010055050096472,-0.19468001191028694
TGT,1.1503388388205638,Consumer Staples,1.3626325749521067,-0.2122937361315429
WELL,2.30105483726164,Real Estate,2.520137369146247,-0.2190825318846068
HOOD,-0.7080510614785096,Financials,-0.4419704595967222,-0.2660806018817874
AME,-1.807049240195513,Industrials,-1.4464699020042764,-0.36057933819123655
CHRW,-1.8455882213119446,Industrials,-1.4464699020042764,-0.39911831930766817
DVN,2.872926490741534,Energy,3.2996634898349293,-0.42673699909339513
VRSK,-1.8929912054720277,Industrials,-1.4464699020042764,-0.4465213034677513
GPN,-0.9766737373880008,Financials,-0.4419704595967222,-0.5347032777912786
WYNN,-7.008233879281722,Consumer Discretionary,-6.423873874030917,-0.5843600052508044
UAL,-2.0581234294788864,Industrials,-1.4464699020042764,-0.61165352747461
LII,-2.059869154750671,Industrials,-1.4464699020042764,-0.6133992527463945
CMG,-7.073303366328498,Consumer Discretionary,-6.423873874030917,-0.649429492297581
EQIX,1.7973845456723314,Real Estate,2.520137369146247,-0.7227528234739156
PFE,-3.3174994135585223,Health Care,-2.594343498529162,-0.7231559150293605
PHM,-7.148676737243543,Consumer Discretionary,-6.423873874030917,-0.7248028632126253
AWK,-4.752977259839941,Utilities,-4.010055050096472,-0.7429222097434689
SWKS,16.131281530524767,Information Technology,16.887206417366862,-0.7559248868420951
CTVA,-1.55514567039432,Materials,-0.75091411325385,-0.80423155714047
EA,-1.3630758227522244,Communication Services,-0.5371745239801173,-0.825901298772107
DE,-2.3211464746522914,Industrials,-1.4464699020042764,-0.874676572648015
BMY,-3.486572765216689,Health Care,-2.594343498529162,-0.8922292666875271
CAG,0.4395916188109972,Consumer Staples,1.3626325749521067,-0.9230409561411095
BBY,-7.347570238895562,Consumer Discretionary,-6.423873874030917,-0.9236963648646448
TJX,-7.405786877707865,Consumer Discretionary,-6.423873874030917,-0.9819130036769472
KKR,-1.443788652629785,Financials,-0.4419704595967222,-1.0018181930330627
RCL,-7.45214047429995,Consumer Discretionary,-6.423873874030917,-1.028266600269033
EXR,1.3717051133938618,Real Estate,2.520137369146247,-1.1484322557523852
SNA,-2.604069247371432,Industrials,-1.4464699020042764,-1.1575993453671558
PSA,1.2976997777035315,Real Estate,2.520137369146247,-1.2224375914427155
PG,0.13192961922172675,Consumer Staples,1.3626325749521067,-1.23070295573038
T,-1.795476099738691,Communication Services,-0.5371745239801173,-1.2583015757585736
GPC,-7.725202680520738,Consumer Discretionary,-6.423873874030917,-1.3013288064898205
CB,-1.7728845304898488,Financials,-0.4419704595967222,-1.3309140708931266
JBL,15.537473724631656,Information Technology,16.887206417366862,-1.3497326927352056
FAST,-2.801716358105655,Industrials,-1.4464699020042764,-1.3552464561013784
ARE,1.1456278139590825,Real Estate,2.520137369146247,-1.3745095551871644
FDS,-1.8653536622765587,Financials,-0.4419704595967222,-1.4233832026798365
PEG,-5.496650784260815,Utilities,-4.010055050096472,-1.486595734164343
SPG,1.0199014569150844,Real Estate,2.520137369146247,-1.5002359122311626
VICI,0.934412496280812,Real Estate,2.520137369146247,-1.585724872865435
GILD,-4.271983004891833,Health Care,-2.594343498529162,-1.6776395063626715
AIG,-2.2072150380900157,Financials,-0.4419704595967222,-1.7652445784932935
MA,-2.224448247082733,Financials,-0.4419704595967222,-1.782477787486011
DXCM,-4.384435429356448,Health Care,-2.594343498529162,-1.7900919308272862
ACGL,-2.3284801817350376,Financials,-0.4419704595967222,-1.8865097221383154
TXT,-3.453863491564968,Industrials,-1.4464699020042764,-2.0073935895606914
MCD,-8.436114527170279,Consumer Discretionary,-6.423873874030917,-2.0122406531393615
KVUE,-0.690442679396952,Consumer Staples,1.3626325749521067,-2.053075254349059
ROL,-3.513223131606036,Industrials,-1.4464699020042764,-2.0667532296017592
FSLR,14.799861597664666,Information Technology,16.887206417366862,-2.0873448197021958
OMC,-2.6281407531453027,Communication Services,-0.5371745239801173,-2.0909662291651854
KEY,-2.565873413595998,Financials,-0.4419704595967222,-2.123902953999276
GLW,14.74076482182658,Information Technology,16.887206417366862,-2.1464415955402814
AON,-2.6151030196547853,Financials,-0.4419704595967222,-2.173132560058063
AMT,0.2607513437612008,Real Estate,2.520137369146247,-2.259386025385046
AMGN,-4.886029741050601,Health Care,-2.594343498529162,-2.2916862425214393
BX,-2.7364232547885448,Financials,-0.4419704595967222,-2.2944527951918223
GIS,-1.0086521069825771,Consumer Staples,1.3626325749521067,-2.371284681934684
KMB,-1.0806947428793623,Consumer Staples,1.3626325749521067,-2.4433273178314687
WM,-3.8971293264536966,Industrials,-1.4464699020042764,-2.4506594244494204
LH,-5.076800738042564,Health Care,-2.594343498529162,-2.4824572395134026
LOW,-8.923300457875104,Consumer Discretionary,-6.423873874030917,-2.499426583844187
PSKY,-3.113720842999901,Communication Services,-0.5371745239801173,-2.5765463190197835
WSM,-9.007433920052044,Consumer Discretionary,-6.423873874030917,-2.5835600460211268
OXY,0.6861633190483163,Energy,3.2996634898349293,-2.613500170786613
SBAC,-0.18800607972618844,Real Estate,2.520137369146247,-2.7081434488724354
XOM,0.5527987924658584,Energy,3.2996634898349293,-2.746864697369071
REGN,-5.344072147042123,Health Care,-2.594343498529162,-2.7497286485129613
PPG,-3.5092277459268795,Materials,-0.75091411325385,-2.7583136326730293
PCG,-6.805237649021123,Utilities,-4.010055050096472,-2.795182598924651
DLR,-0.33708995656166474,Real Estate,2.520137369146247,-2.8572273257079117
CMS,-6.875547848046049,Utilities,-4.010055050096472,-2.8654927979495763
TFC,-3.3709874797764328,Financials,-0.4419704595967222,-2.9290170201797103
JKHY,-3.407742520477486,Financials,-0.4419704595967222,-2.965772060880764
HD,-9.392782015118362,Consumer Discretionary,-6.423873874030917,-2.9689081410874447
FITB,-3.4358028305099486,Financials,-0.4419704595967222,-2.9938323709132266
ICE,-3.4435860302785892,Financials,-0.4419704595967222,-3.0016155706818672
EOG,0.2936402539694738,Energy,3.2996634898349293,-3.0060232358654555
AAPL,13.88027710752091,Information Technology,16.887206417366862,-3.006929309845951
ORCL,13.828216739958776,Information Technology,16.887206417366862,-3.0589896774080856
RSG,-4.5340721855396175,Industrials,-1.4464699020042764,-3.0876022835353414
ZBRA,13.722982368391602,Information Technology,16.887206417366862,-3.16422404897526
C,-3.659709757478935,Financials,-0.4419704595967222,-3.217739297882213
PNC,-3.716094635673295,Financials,-0.4419704595967222,-3.2741241760765725
USB,-3.7261546566272563,Financials,-0.4419704595967222,-3.284184197030534
RF,-3.7297291798634613,Financials,-0.4419704595967222,-3.287758720266739
EXPE,-9.928795593741647,Consumer Discretionary,-6.423873874030917,-3.5049217197107296
LUV,-4.968490839687389,Industrials,-1.4464699020042764,-3.522020937683113
SYY,-2.188144123011726,Consumer Staples,1.3626325749521067,-3.5507766979638324
SW,-4.314486191067224,Materials,-0.75091411325385,-3.5635720778133737
JPM,-4.08520831248933,Financials,-0.4419704595967222,-3.643237852892608
SATS,-4.184869344207732,Communication Services,-0.5371745239801173,-3.6476948202276143
EXE,-0.3814457977337482,Energy,3.2996634898349293,-3.6811092875686775
KIM,-1.1652526020558773,Real Estate,2.520137369146247,-3.6853899712021243
APA,-0.4860490099764081,Energy,3.2996634898349293,-3.7857124998113374
RL,-10.292229128267428,Consumer Discretionary,-6.423873874030917,-3.8683552542365103
UHS,-6.474305565747185,Health Care,-2.594343498529162,-3.8799620672180235
EMR,-5.35071993703955,Industrials,-1.4464699020042764,-3.9042500350352736
CVX,-0.6362968742491204,Energy,3.2996634898349293,-3.9359603640840497
CME,-4.396861465934876,Financials,-0.4419704595967222,-3.954891006338154
AXP,-4.439376226511071,Financials,-0.4419704595967222,-3.9974057669143495
HIG,-4.47142872379811,Financials,-0.4419704595967222,-4.029458264201388
GRMN,-10.507413562667479,Consumer Discretionary,-6.423873874030917,-4.083539688636561
JNJ,-6.732614799665004,Health Care,-2.594343498529162,-4.138271301135843
CTAS,-5.629041285619252,Industrials,-1.4464699020042764,-4.182571383614976
APP,12.691745928408471,Information Technology,16.887206417366862,-4.195460488958391
MRK,-6.8106020601019,Health Care,-2.594343498529162,-4.216258561572738
EXC,-8.230581752310117,Utilities,-4.010055050096472,-4.220526702213645
AMCR,-4.974389622832376,Materials,-0.75091411325385,-4.223475509578527
STE,-6.857313186727787,Health Care,-2.594343498529162,-4.262969688198625
TKO,-4.819057952315287,Communication Services,-0.5371745239801173,-4.28188342833517
UPS,-5.735320770135699,Industrials,-1.4464699020042764,-4.288850868131423
O,-1.8127696660811599,Real Estate,2.520137369146247,-4.332907035227407
CFG,-4.800200381240827,Financials,-0.4419704595967222,-4.358229921644105
A,-6.960708776395686,Health Care,-2.594343498529162,-4.3663652778665245
CRL,-7.0436702106837945,Health Care,-2.594343498529162,-4.449326712154633
HSY,-3.151556029120761,Consumer Staples,1.3626325749521067,-4.514188604072868
PEP,-3.162729908265005,Consumer Staples,1.3626325749521067,-4.525362483217112
BR,-5.976921815181157,Industrials,-1.4464699020042764,-4.530451913176881
HRL,-3.1791899813849778,Consumer Staples,1.3626325749521067,-4.541822556337085
BDX,-7.140560856781075,Health Care,-2.594343498529162,-4.546217358251914
PPL,-8.608936619205576,Utilities,-4.010055050096472,-4.598881569109103
EQT,-1.3627588492036713,Energy,3.2996634898349293,-4.662422339038601
VLTO,-6.19114759009729,Industrials,-1.4464699020042764,-4.744677688093014
HPQ,12.032648104016097,Information Technology,16.887206417366862,-4.854558313350765
CRH,-5.621331996981771,Materials,-0.75091411325385,-4.870417883727922
VMC,-5.657543535302157,Materials,-0.75091411325385,-4.906629422048307
COP,-1.6272079564236819,Energy,3.2996634898349293,-4.926871446258611
AVY,-5.6892015648005945,Materials,-0.75091411325385,-4.938287451546745
HBAN,-5.394818863965234,Financials,-0.4419704595967222,-4.952848404368512
CBRE,-2.5974074481396214,Real Estate,2.520137369146247,-5.117544817285868
BKNG,-11.622122548837899,Consumer Discretionary,-6.423873874030917,-5.198248674806981
MRSH,-5.640728756561897,Financials,-0.4419704595967222,-5.198758296965175
MMM,-6.653562079464326,Industrials,-1.4464699020042764,-5.20709217746005
HON,-6.6540918825847895,Industrials,-1.4464699020042764,-5.207621980580513
FCX,-5.97473922073547,Materials,-0.75091411325385,-5.223825107481621
DECK,-11.659400778663908,Consumer Discretionary,-6.423873874030917,-5.235526904632991
REG,-2.8151286569820577,Real Estate,2.520137369146247,-5.335266026128305
IDXX,-7.958219577127357,Health Care,-2.594343498529162,-5.363876078598196
L,-5.839683090942549,Financials,-0.4419704595967222,-5.397712631345827
KR,-4.141242922456556,Consumer Staples,1.3626325749521067,-5.5038754974086626
NVDA,11.348024871570628,Information Technology,16.887206417366862,-5.539181545796234
BAC,-5.998120037050114,Financials,-0.4419704595967222,-5.556149577453392
GE,-7.097486579943002,Industrials,-1.4464699020042764,-5.651016677938726
J,-7.124635138407109,Industrials,-1.4464699020042764,-5.678165236402833
CHD,-4.501199076007079,Consumer Staples,1.3626325749521067,-5.8638316509591855
AVGO,10.945951155364986,Information Technology,16.887206417366862,-5.941255262001876
PYPL,-6.431108652627016,Financials,-0.4419704595967222,-5.989138193030294
ISRG,-8.591244926065645,Health Care,-2.594343498529162,-5.996901427536484
SHW,-6.76258907249343,Materials,-0.75091411325385,-6.01167495923958
GDDY,10.753906722283402,Information Technology,16.887206417366862,-6.13329969508346
VST,-10.21528320747802,Utilities,-4.010055050096472,-6.205228157381548
ITW,-7.882463439436982,Industrials,-1.4464699020042764,-6.435993537432706
MTB,-6.906714483214471,Financials,-0.4419704595967222,-6.464744023617749
CCL,-13.157893162284918,Consumer Discretionary,-6.423873874030917,-6.734019288254
TAP,-5.680255499092324,Consumer Staples,1.3626325749521067,-7.042888074044431
TDG,-8.637337767826136,Industrials,-1.4464699020042764,-7.190867865821859
FISV,-7.66096170572681,Financials,-0.4419704595967222,-7.218991246130088
KEYS,9.63354802270635,Information Technology,16.887206417366862,-7.253658394660512
MLM,-8.035828063148742,Materials,-0.75091411325385,-7.284913949894892
HSIC,-9.922275046008611,Health Care,-2.594343498529162,-7.32793154747945
SYF,-7.834048535894745,Financials,-0.4419704595967222,-7.392078076298023
PTC,9.23308055385126,Information Technology,16.887206417366862,-7.654125863515603
TPL,-4.376518197641666,Energy,3.2996634898349293,-7.6761816874765945
ECL,-8.512429826219758,Materials,-0.75091411325385,-7.761515712965909
NVR,-14.256597391622872,Consumer Discretionary,-6.423873874030917,-7.832723517591955
FICO,9.020827137593779,Information Technology,16.887206417366862,-7.866379279773083
AJG,-8.355690825340123,Financials,-0.4419704595967222,-7.9137203657434005
FE,-11.973632436349979,Utilities,-4.010055050096472,-7.963577386253506
WY,-5.447943277085021,Real Estate,2.520137369146247,-7.968080646231268
DPZ,-14.487909072715189,Consumer Discretionary,-6.423873874030917,-8.064035198684271
TPR,-14.50254545778189,Consumer Discretionary,-6.423873874030917,-8.078671583750973
ALGN,-10.677351757012065,Health Care,-2.594343498529162,-8.083008258482904
ODFL,-9.74288277325459,Industrials,-1.4464699020042764,-8.296412871250315
COF,-8.834567205178335,Financials,-0.4419704595967222,-8.392596745581612
META,-9.044662378816891,Communication Services,-0.5371745239801173,-8.507487854836775
EFX,-9.987660703055102,Industrials,-1.4464699020042764,-8.541190801050826
BALL,-9.502440571417758,Materials,-0.75091411325385,-8.751526458163907
SCHW,-9.281247261408454,Financials,-0.4419704595967222,-8.839276801811732
OTIS,-10.384621153059538,Industrials,-1.4464699020042764,-8.938151251055261
WFC,-9.417745999209027,Financials,-0.4419704595967222,-8.975775539612304
MOS,-9.920634699323704,Materials,-0.75091411325385,-9.169720586069854
AMAT,7.612979982308388,Information Technology,16.887206417366862,-9.274226435058473
INTU,7.505452479686414,Information Technology,16.887206417366862,-9.381753937680447
PCAR,-10.93039866946961,Industrials,-1.4464699020042764,-9.483928767465335
FIS,-10.23840234175969,Financials,-0.4419704595967222,-9.796431882162967
ALLE,-11.263771648315535,Industrials,-1.4464699020042764,-9.817301746311259
RMD,-12.453940536428876,Health Care,-2.594343498529162,-9.859597037899714
POOL,-16.299660278784057,Consumer Discretionary,-6.423873874030917,-9.87578640475314
PH,-11.5782570258253,Industrials,-1.4464699020042764,-10.131787123821024
TMO,-12.814379347374594,Health Care,-2.594343498529162,-10.220035848845432
HUBB,-11.702284863992574,Industrials,-1.4464699020042764,-10.255814961988298
IP,-11.165850379935073,Materials,-0.75091411325385,-10.414936266681222
VRSN,6.2010937152598755,Information Technology,16.887206417366862,-10.686112702106985
CMCSA,-11.496086613964017,Communication Services,-0.5371745239801173,-10.958912089983901
RTX,-12.75577901908579,Industrials,-1.4464699020042764,-11.309309117081513
HCA,-14.087755080433762,Health Care,-2.594343498529162,-11.493411581904601
MDT,-14.378126876342257,Health Care,-2.594343498529162,-11.783783377813096
AOS,-13.36049698184868,Industrials,-1.4464699020042764,-11.914027079844404
LRCX,4.801580851079801,Information Technology,16.887206417366862,-12.08562556628706
CAH,-14.701089226968222,Health Care,-2.594343498529162,-12.10674572843906
ERIE,-12.624780964215043,Financials,-0.4419704595967222,-12.18281050461832
ZBH,-15.21963875147626,Health Care,-2.594343498529162,-12.6252952529471
DLTR,-11.269495805159192,Consumer Staples,1.3626325749521067,-12.632128380111299
ADSK,4.149350698764298,Information Technology,16.887206417366862,-12.737855718602564
MKC,-11.448338600395635,Consumer Staples,1.3626325749521067,-12.810971175347742
WTW,-13.266085279743923,Financials,-0.4419704595967222,-12.8241148201472
XYL,-14.298935980167105,Industrials,-1.4464699020042764,-12.852466078162829
LHX,-14.35200785512647,Industrials,-1.4464699020042764,-12.905537953122193
MSFT,3.92511606632433,Information Technology,16.887206417366862,-12.962090351042532
BSX,-15.590725181006848,Health Care,-2.594343498529162,-12.996381682477686
DHR,-15.658831885575598,Health Care,-2.594343498529162,-13.064488387046437
MCK,-15.710078508336656,Health Care,-2.594343498529162,-13.115735009807494
ADBE,3.557184143650627,Information Technology,16.887206417366862,-13.330022273716235
WDAY,3.474462242912524,Information Technology,16.887206417366862,-13.412744174454339
STZ,-12.346042608359742,Consumer Staples,1.3626325749521067,-13.708675183311849
NOW,3.024261022450103,Information Technology,16.887206417366862,-13.862945394916759
LMT,-15.343867398087873,Industrials,-1.4464699020042764,-13.897397496083597
SYK,-16.68786874229958,Health Care,-2.594343498529162,-14.09352524377042
IT,2.723002945938857,Information Technology,16.887206417366862,-14.164203471428005
GEHC,-16.834069911698467,Health Care,-2.594343498529162,-14.239726413169306
COO,-16.869154766224735,Health Care,-2.594343498529162,-14.274811267695574
ABT,-16.94244396342237,Health Care,-2.594343498529162,-14.348100464893209
CLX,-13.016188626907077,Consumer Staples,1.3626325749521067,-14.378821201859184
DG,-13.169997894723407,Consumer Staples,1.3626325749521067,-14.532630469675514
CRM,2.276580007503348,Information Technology,16.887206417366862,-14.610626409863514
BRO,-15.593377121857099,Financials,-0.4419704595967222,-15.151406662260376
TECH,-17.771904644013503,Health Care,-2.594343498529162,-15.177561145484342
BLDR,-16.84515961968288,Industrials,-1.4464699020042764,-15.398689717678606
COR,-18.324475222139636,Health Care,-2.594343498529162,-15.730131723610475
PNR,-17.18000683103339,Industrials,-1.4464699020042764,-15.733536929029112
CSGP,-13.430849579784699,Real Estate,2.520137369146247,-15.950986948930947
LULU,-22.37546937876589,Consumer Discretionary,-6.423873874030917,-15.951595504734971
IR,-17.408288103629843,Industrials,-1.4464699020042764,-15.961818201625567
LDOS,-17.727475112501445,Industrials,-1.4464699020042764,-16.281005210497167
NFLX,-17.119871945621966,Communication Services,-0.5371745239801173,-16.58269742164185
NCLH,-23.02038647278334,Consumer Discretionary,-6.423873874030917,-16.596512598752422
NRG,-20.72193054360372,Utilities,-4.010055050096472,-16.711875493507247
PLTR,0.14001654066264635,Information Technology,16.887206417366862,-16.747189876704216
HII,-18.50176917159654,Industrials,-1.4464699020042764,-17.05529926959226
MTD,-19.957808203123363,Health Care,-2.594343498529162,-17.3634647045942
NOC,-18.952998451977653,Industrials,-1.4464699020042764,-17.506528549973375
KLAC,-0.8073901099741376,Information Technology,16.887206417366862,-17.694596527340998
PODD,-21.092857631314075,Health Care,-2.594343498529162,-18.498514132784912
TYL,-2.3176449000298582,Information Technology,16.887206417366862,-19.20485131739672
TDY,-3.167128725748969,Information Technology,16.887206417366862,-20.054335143115832
TER,-4.04366457399462,Information Technology,16.887206417366862,-20.93087099136148
IBM,-7.1880508382897945,Information Technology,16.887206417366862,-24.075257255656656
ROP,-7.395193671102573,Information Technology,16.887206417366862,-24.282400088469437
ANET,-8.586506473593602,Information Technology,16.887206417366862,-25.473712890960464
TSCO,-31.91914858533792,Consumer Discretionary,-6.423873874030917,-25.495274711307
ACN,-9.20838326885799,Information Technology,16.887206417366862,-26.09558968622485
MSI,-9.927144896991036,Information Technology,16.887206417366862,-26.8143513143579
TEL,-11.735901080173827,Information Technology,16.887206417366862,-28.623107497540687
TRMB,-13.26116858552452,Information Technology,16.887206417366862,-30.14837500289138
CHTR,-31.293781334064196,Communication Services,-0.5371745239801173,-30.75660681008408
APH,-14.692037583899232,Information Technology,16.887206417366862,-31.579244001266094
ZTS,-36.824909589346866,Health Care,-2.594343498529162,-34.2305660908177
CTSH,-19.037308679020683,Information Technology,16.887206417366862,-35.924515096387545
CDW,-21.86249934143373,Information Technology,16.887206417366862,-38.74970575880059
EPAM,-24.727261578583416,Information Technology,16.887206417366862,-41.61446799595028
